DISTRICT,FEDERAL_REGION,NUMBER_OF_POLLING__CENTRES,REGISTERED_VOTERS,YOWERI__KAGUTA_MUSEVENI,IS_MUSEVENI,NOT_MUSEVENI,VALID_VOTES,INVALID_VOTES,TURN_UP,NUMBER_OF_CANDIDATES,RURAL_OR_URBAN,YEAR_OF_ELECTION,OPPOSITION_SCORE_1,CULTURAL_REGION,Sentiment_Negative,Sentiment_Neutral,Sentiment_Positive
APAC,Lango,597,"241,310","37,133",0,"133,372","170,505","5,604","176,109",6,2,2001,8,0,1,0,0
ARUA,West Nile,550,"321,074","72,393",0,"112,419","184,812","9,807","194,619",6,2,2001,6,0,1,0,0
BUNDIBUGYO,Rwenzori,182,"81,461","39,676",1,"3,451","43,127","1,112","44,239",6,2,2001,1,1,0,0,1
BUSHENYI,Ankole,844,"334,236","212,540",1,"46,387","258,927","3,427","262,354",6,2,2001,2,0,0,0,1
GULU,Acholi,460,"250,715","15,320",0,"117,410","132,730","6,076","138,806",6,2,2001,9,0,1,0,0
HOIMA,Bunyoro,259,"129,672","79,101",1,"9,580","88,681","1,965","90,646",6,2,2001,1,1,0,0,1
IGANGA,Busoga,742,"325,880","166,403",1,"36,862","203,265","6,442","209,707",6,2,2001,2,1,0,0,1
JINJA,Busoga,340,"223,425","77,929",1,"39,005","116,934","2,487","119,421",6,5,2001,3,1,0,1,0
KABALE,Kigezi,441,"235,495","189,731",1,"17,768","207,499","1,855","209,354",6,2,2001,1,0,0,0,1
KABAROLE,Toro,298,"159,369","93,414",1,"11,568","104,982","2,642","107,624",6,2,2001,1,1,0,0,1
KALANGALA,Buganda,71,"18,324","7,473",1,"3,658","11,131",246,"11,377",6,2,2001,3,1,0,1,0
KAMPALA,Buganda,1120,"701,895","240,681",0,"266,092","506,773","4,340","511,113",6,8,2001,5,1,1,0,0
KAMULI,Busoga,452,"311,459","186,273",1,"21,143","207,416","5,687","213,103",6,2,2001,1,1,0,0,1
KAPCHORWA,Sebei,215,"77,549","56,802",1,"7,102","63,904","1,117","65,021",6,2,2001,1,0,0,0,1
KASESE,Rwenzori,446,"208,083","90,620",1,"42,863","133,483","2,953","136,436",6,2,2001,3,1,0,1,0
KIBAALE,Bunyoro,407,"163,538","117,325",1,"6,169","123,494","2,627","126,121",6,2,2001,1,1,0,0,1
KIBOGA,Buganda,240,"105,336","61,870",1,"8,031","69,901","1,894","71,795",6,1,2001,1,1,0,0,1
KISORO,Kigezi,202,"96,250","77,177",1,"3,091","80,268","1,087","81,355",6,2,2001,1,0,0,0,1
KITGUM,Acholi,270,"109,637","14,077",0,"52,026","66,103","3,084","69,187",6,2,2001,8,0,1,0,0
KOTIDO,Karamoja,127,"89,502","61,458",1,"2,879","64,337","3,387","67,724",6,2,2001,1,0,0,0,1
KUMI,Teso,306,"148,541","50,472",1,"47,143","97,615","5,499","103,114",6,1,2001,5,0,1,0,0
LIRA,Lango,498,"280,548","40,767",0,"164,299","205,066","6,183","211,249",6,2,2001,8,0,1,0,0
LUWEERO,Buganda,663,"230,585","121,445",1,"31,600","153,045","3,169","156,214",6,2,2001,2,1,0,0,1
MASAKA,Buganda,675,"387,537","152,313",1,"87,197","239,510","5,001","244,511",6,5,2001,4,1,0,1,0
MASINDI,Bunyoro,351,"179,015","88,454",1,"21,248","109,702","3,630","113,332",6,2,2001,2,1,0,0,1
MBALE,Bugisu,829,"326,715","165,730",1,"57,592","223,322","6,876","230,198",6,2,2001,3,0,0,0,1
MBARARA,Ankole,908,"569,137","425,879",1,"39,632","465,511","4,295","469,806",6,4,2001,1,0,0,0,1
MOROTO,Karamoja,393,"99,508","68,330",1,"2,612","70,942","2,644","73,586",6,2,2001,1,0,0,0,1
MOYO,Madi,115,"43,363","15,158",1,"10,657","25,815",957,"26,772",6,2,2001,4,0,0,1,0
MPIGI,Buganda,360,"192,807","92,914",1,"32,930","125,844","2,648","128,492",6,2,2001,3,1,0,0,1
MUBENDE,Buganda,654,"309,541","176,744",1,"30,126","206,870","4,698","211,568",6,2,2001,2,1,0,0,1
MUKONO,Buganda,757,"403,479","155,702",1,"85,195","240,897","5,184","246,081",6,4,2001,4,1,0,1,0
NEBBI,West Nile,478,"176,846","74,494",1,"41,299","115,793","4,844","120,637",6,2,2001,4,0,0,1,0
NTUNGAMO,Ankole,370,"189,018","108,452",1,"32,101","140,553","1,717","142,270",6,2,2001,2,0,0,0,1
PALLISA,Bukedi,482,"218,300","114,343",1,"41,758","156,101","5,636","161,737",6,2,2001,3,0,0,0,1
RAKAI,Buganda,412,"204,898","106,035",1,"35,114","141,149","3,523","144,672",6,2,2001,3,1,0,0,1
RUKUNGIRI,Kigezi,412,"249,592","175,767",1,"27,927","203,694","2,253","205,947",6,2,2001,1,0,0,0,1
SOROTI,Teso,558,"176,177","62,977",1,"52,836","115,813","5,446","121,259",6,4,2001,5,0,1,0,0
TORORO,Bukedi,380,"243,768","89,403",1,"70,999","160,402","7,003","167,405",6,2,2001,5,0,1,0,0
ADJUMAN,Madi,95,"45,189","14,944",1,"9,830","24,774","1,204","25,978",6,2,2001,4,0,0,1,0
BUGIRI,Busoga,377,"167,970","82,433",1,"24,977","107,410","4,324","111,734",6,2,2001,3,1,0,0,1
BUSIA,Bukedi,237,"114,721","45,670",1,"24,901","70,571","2,526","73,097",6,2,2001,4,0,0,1,0
KATAKWI,Teso,113,"104,011","56,003",1,"14,914","70,917","3,914","74,831",6,2,2001,3,0,0,0,1
NAKASONGOLA,Buganda,162,"64,906","46,471",1,"2,174","48,645",685,"49,330",6,2,2001,1,1,0,0,1
SSEMBABULE,Buganda,190,"91,198","58,659",1,"10,118","68,777","1,080","69,857",6,2,2001,2,1,0,0,1
KAMWENGE,Toro,254,"120,720","107,804",1,"2,384","110,188",958,"111,146",6,2,2001,0,1,0,0,1
KAYUNGA,Buganda,276,"145,037","60,822",1,"23,775","84,597","3,041","87,638",6,2,2001,3,1,0,1,0
KYENJOJO,Toro,283,"143,329","114,083",1,"3,425","117,508","1,741","119,249",6,2,2001,0,1,0,0,1
MAYUGE,Busoga,259,"136,725","59,925",1,"20,802","80,727","3,211","83,938",6,2,2001,3,1,0,0,1
PADER,Acholi,285,"100,037","8,918",0,"58,366","67,284","3,600","70,884",6,2,2001,9,0,1,0,0
SIRONKO,Bugisu,302,"137,076","84,703",1,"22,128","106,831","2,515","109,346",6,2,2001,2,0,0,0,1
WAKISO,Buganda,759,"525,910","153,719",1,"145,117","298,836","4,656","303,492",6,7,2001,5,1,1,0,0
YUMBE,West Nile,157,"65,422","11,541",0,"22,557","34,098","2,027","36,125",6,2,2001,7,0,1,0,0
ADJUMANI,MADI,95,49447,11277,0,21511,32788,"1,990",34778,5,2,2006,7,0,1,0,0
AMOLATAR,LANGO,82,33020,7112,0,17666,24778,715,25493,5,2,2006,7,0,1,0,0
AMURIA,TESO,142,65691,7495,0,36623,44118,"1,852",45970,5,2,2006,8,0,1,0,0
APAC,LANGO,515,240639,25865,0,135232,161097,"10,391",171488,5,2,2006,8,0,1,0,0
ARUA,WEST NILE,550,281954,68560,0,115663,184223,"11,022",195245,5,4,2006,6,0,1,0,0
BUGIRI,BUSOGA,377,177525,74457,1,42520,116977,"6,854",123831,5,2,2006,4,1,0,1,0
BUKWO,SEBEI,58,23925,15865,1,1526,17391,641,18032,5,2,2006,1,0,0,0,1
BUNDIBUGYO,RWENZORI,182,89035,45651,1,13417,59068,"3,019",62087,5,2,2006,3,1,0,0,1
BUSHENYI,ANKOLE,647,308013,176909,1,53643,230552,"8,055",238607,5,3,2006,3,0,0,0,1
BUSIA,BUKEDI,237,111091,44405,1,31684,76089,"3,457",79546,5,3,2006,4,0,0,1,0
BUTALEJA,BUKEDI,150,69822,29031,1,19162,48193,"2,158",50351,5,2,2006,4,0,0,1,0
GULU,Acholi,460,215953,16866,0,110955,127821,"5,631",133452,5,4,2006,9,0,1,0,0
HOIMA,BUNYORO,259,133384,76952,1,16217,93169,"3,080",96249,5,2,2006,2,1,0,0,1
IBANDA,ANKOLE,197,87951,56896,1,7299,64195,"589,154",653349,5,2,2006,9,0,1,0,0
IGANGA,BUSOGA,613,286740,126262,1,56010,182272,"8,542",190814,5,2,2006,3,1,0,1,0
ISINGIRO,ANKOLE,302,142507,95687,1,15663,111350,"2,509",113859,5,2,2006,2,0,0,0,1
JINJA,BUSOGA,340,163681,54259,1,45300,99559,"4,686",104245,5,5,2006,5,1,1,0,0
KAABONG,KARAMOJA,109,41861,20302,1,3828,24130,"2,393",26523,5,2,2006,2,0,0,0,1
KABALE,KIGEZI,441,214840,122684,1,37144,159828,"12,758",172586,5,2,2006,3,0,0,0,1
KABAROLE,TORO,298,153042,87153,1,16589,103742,"3,876",107618,5,2,2006,2,1,0,0,1
KABERAMAIDO,TESO,126,60437,8351,0,36489,44840,"1,625",46465,5,2,2006,8,0,1,0,0
KALANGALA,BUGANDA,71,24200,7246,1,6239,13485,630,14115,5,2,2006,5,1,1,0,0
KALIRO,BUSOGA,129,59288,40076,1,4720,44796,"1,412",46208,5,2,2006,1,1,0,0,1
KAMPALA,BUGANDA,1120,764283,170688,0,261467,432155,"9,703",441858,5,8,2006,6,1,1,0,0
KAMULI,BUSOGA,452,207242,112651,1,27606,140257,"7,230",147487,5,2,2006,2,1,0,0,1
KAMWENGE,TORO,254,127799,83436,1,10007,93443,"2,190",95633,5,2,2006,1,1,0,0,1
KANUNGU,KIGEZI,186,96091,53600,1,16873,70473,"1,735",72208,5,2,2006,3,0,0,0,1
KAPCHORA,SEBEI,157,61891,33144,1,9753,42897,"5,511",48408,5,2,2006,3,0,0,1,0
KASESE,RWENZORI,446,210826,63522,0,83294,146816,"4,530",151346,5,2,2006,6,1,1,0,0
KATAKWI,TESO,113,45494,12940,0,19137,32077,"1,668",33745,5,2,2006,6,0,1,0,0
KAYUNGA,BUGANDA,276,126005,55152,1,25946,81098,"3,276",84374,5,2,2006,3,1,0,1,0
KIBAALE,BUNYORO,407,180770,116059,1,12648,128707,"4,993",133700,5,2,2006,1,1,0,0,1
KIBOGA,BUGANDA,240,115852,59478,1,12498,71976,"2,691",74667,5,2,2006,2,1,0,0,1
KIRUHURA,ANKOLE,249,104992,84046,1,6728,90774,"1,282",92056,5,2,2006,1,0,0,0,1
KISORO,KIGEZI,202,99391,72896,1,6334,79230,"2,871",82101,5,2,2006,1,0,0,0,1
KITGUM,Acholi,270,115010,13580,0,58382,71962,"3,161",75123,5,2,2006,8,0,1,0,0
KOBOKO,WEST NILE,95,48973,10343,0,18754,29097,"1,547",30644,5,2,2006,7,0,1,0,0
KOTIDO,KARAMOJA,127,56559,26842,1,4117,30959,"2,414",33373,5,2,2006,2,0,0,0,1
KUMI,TESO,306,158510,30398,0,80389,110787,"6,906",117693,5,2,2006,7,0,1,0,0
KYENJOJO,TORO,283,150354,99291,1,8915,108206,"2,696",110902,5,2,2006,1,1,0,0,1
LIRA,LANGO,498,247272,12035,0,141054,153089,"11,112",164201,5,2,2006,9,0,1,0,0
LUWEERO,BUGANDA,330,148042,61439,1,31561,93000,"3,450",96450,5,2,2006,4,1,0,1,0
MANAFA,BUGISU,360,163807,86142,1,29071,115213,"4,923",120136,5,2,2006,3,0,0,0,1
MASAKA,BUGANDA,675,317684,126561,1,87761,214322,"13,823",228145,5,5,2006,4,1,0,1,0
MASINDI,BUNYORO,351,195112,85765,1,33411,119176,"7,095",126271,5,2,2006,3,1,0,1,0
MAYUGE,BUSOGA,259,128811,48056,1,28255,76311,"3,599",79910,5,2,2006,4,1,0,1,0
MBALE,BUGISU,319,162767,49836,1,49723,99559,"3,393",102952,5,2,2006,5,0,1,0,0
MBARARA,ANKOLE,357,175401,93571,1,29056,122627,"4,667",127294,5,5,2006,3,0,0,0,1
MITYANA,BUGANDA,251,114425,51815,1,25876,77691,"2,457",80148,5,2,2006,4,1,0,1,0
MOROTO,KARAMOJA,167,63095,28363,1,5589,33952,"3,226",37178,5,2,2006,2,0,0,0,1
MOYO,MADI,115,42137,11610,0,16306,27916,"1,566",29482,5,2,2006,6,0,1,0,0
MPIGI,BUGANDA,360,168103,75988,1,37629,113617,"4,014",117631,5,2,2006,4,1,0,1,0
MUBENDE,BUGANDA,403,197597,111232,1,17060,128292,"4,428",132720,5,2,2006,2,1,0,0,1
MUKONO,BUGANDA,757,345689,123339,1,91359,214698,"6,840",221538,5,4,2006,4,1,0,1,0
NAKAPIRIPIRITI,KARAMOJA,117,46070,23635,1,2035,25670,"1,192",26862,5,2,2006,1,0,0,0,1
NAKASEKE,BUGANDA,171,63541,37495,1,7445,44940,"1,160",46100,5,2,2006,2,1,0,0,1
NAKASONGORA,BUGANDA,162,56502,35165,1,4036,39201,"1,115",40316,5,2,2006,1,1,0,0,1
NEBBI,WEST NILE,383,176766,54208,0,64166,118374,"4,887",123261,5,2,2006,6,0,1,0,0
NTUNGAMO,ANKOLE,370,186127,100077,1,41535,141612,"3,758",145370,5,2,2006,3,0,0,1,0
PADER,Acholi,285,122802,12419,0,58185,70604,"3,132",73736,5,2,2006,8,0,1,0,0
PALLISA,TESO,482,225241,82277,1,77224,159501,"6,878",166379,5,2,2006,5,0,1,0,0
RAKAI,BUGANDA,412,206289,103130,1,40399,143529,"5,625",149154,5,2,2006,3,1,0,1,0
RUKUNGIRI,KIGEZI,226,122711,60085,1,32115,92200,"2,688",94888,5,2,2006,4,0,0,1,0
SIRONKO,BUGISU,302,138013,59122,1,37436,96558,"3,145",99703,5,2,2006,4,0,0,1,0
SOROTI,TESO,290,149304,17045,0,88025,105070,"4,640",109710,5,4,2006,8,0,1,0,0
SSEMBABULE,BUGANDA,190,85016,47213,1,13648,60861,"1,477",62338,5,2,2006,2,1,0,0,1
TORORO,BUKEDI,380,164263,47549,0,62279,109828,"9,856",119684,5,6,2006,6,0,1,0,0
WAKISO,BUGANDA,759,457962,129524,0,142317,271841,"7,646",279487,5,2,2006,5,1,1,0,0
YUMBE,WEST NILE,157,76151,19832,0,26695,46527,"1,918",48445,5,2,2006,6,0,1,0,0
001 APAC,Lango,191,"114,884",41712,1,"29,961","71,673","3,087","74,760",8,2,2011,4,0,0,1,0
002 ARUA,West Nile,493,"294,523",85005,1,"69,376","154,381","9,207","163,588",8,6,2011,5,0,1,0,0
003 BUNDIBUGYO,Rwenzori,187,"93,594",45909,1,"6,894","52,803","2,401","55,204",8,2,2011,2,1,0,0,1
004 BUSHENYI,Ankole,186,"105,763",51894,1,"16,652","68,546","1,907","70,453",8,2,2011,3,0,0,0,1
005 GULU,Acholi,293,"192,669",24590,0,"60,100","84,690","5,340","90,030",8,7,2011,7,0,1,0,0
006 HOIMA,Bunyoro,301,"191,867",93070,1,"16,102","109,172","7,369","116,541",8,6,2011,2,1,0,0,1
007 IGANGA,Busoga,310,"205,411",72863,1,"31,490","104,353","3,815","108,168",8,3,2011,3,1,0,1,0
008 JINJA,Busoga,348,"236,506",74219,1,"39,704","113,923","3,261","117,184",8,8,2011,4,1,0,1,0
009 KABALE,Kigezi,438,"260,013",139676,1,"38,036","177,712","6,944","184,656",8,5,2011,2,0,0,0,1
010 KABAROLE,Toro,349,"208,758",104709,1,"19,306","124,015","6,227","130,242",8,7,2011,2,1,0,0,1
011 KALANGALA,Buganda,65,"34,815",9824,1,"6,063","15,887",954,"16,841",8,1,2011,4,1,0,1,0
012 KAMPALA,Buganda,"1,440","1,180,522",225698,0,"264,103","489,801","12,019","501,820",8,10,2011,6,1,1,0,0
013 KAMULI,Busoga,331,"170,672",81596,1,"19,725","101,321","3,202","104,523",8,3,2011,2,1,0,0,1
014 KAPCHORWA,Sebei,101,"45,822",24035,1,"6,666","30,701","1,329","32,030",8,4,2011,2,0,0,0,1
015 KASESE,Rwenzori,469,"302,532",94004,1,"83,426","177,430","9,808","187,238",8,6,2011,5,1,1,0,0
016 KIBAALE,Bunyoro,451,"242,774",138918,1,"13,656","152,574","7,038","159,612",8,2,2011,1,1,0,0,1
017 KIBOGA,Buganda,116,"68,583",30020,1,"7,211","37,231","1,575","38,806",8,2,2011,2,1,0,0,1
018 KISORO,Kigezi,198,"121,634",86233,1,"5,096","91,329","2,811","94,140",8,3,2011,1,0,0,0,1
019 KITGUM,Acholi,178,"85,750",17965,0,"28,314","46,279","3,025","49,304",8,2,2011,6,0,1,0,0
020 KOTIDO,Karamoja,81,"42,457",11297,1,"7,476","18,773","3,453","22,226",8,2,2011,5,0,1,0,0
021 KUMI,Teso,139,"85,562",28121,1,"23,398","51,519","3,127","54,646",8,2,2011,5,0,1,0,0
022 LIRA,Lango,273,"176,539",45849,0,"47,026","92,875","8,343","101,218",8,5,2011,5,0,1,0,0
023 LUWEERO,Buganda,340,"190,715",69453,1,"33,249","102,702","4,057","106,759",8,3,2011,3,1,0,1,0
024 MASAKA,Buganda,214,"135,040",41643,1,"36,183","77,826","2,595","80,421",8,5,2011,5,1,1,0,0
025 MASINDI,Bunyoro,200,"123,482",54583,1,"11,381","65,964","3,326","69,290",8,3,2011,2,1,0,0,1
026 MBALE,Bugisu,373,"217,467",71718,1,"42,881","114,599","5,329","119,928",8,8,2011,4,0,0,1,0
027 MBARARA,Ankole,385,"230,110",105781,1,"28,910","134,691","4,199","138,890",8,7,2011,2,0,0,0,1
028 MOROTO,Karamoja,65,"32,914",7846,1,"6,477","14,323","2,010","16,333",8,1,2011,5,0,1,0,0
029 MOYO,Madi,100,"51,070",16318,1,"13,201","29,519","1,932","31,451",8,2,2011,5,0,1,0,0
030 MPIGI,Buganda,201,"105,142",45275,1,"23,197","68,472","2,198","70,670",8,3,2011,4,1,0,1,0
031 MUBENDE,Buganda,497,"274,381",126951,1,"21,481","148,432","6,284","154,716",8,3,2011,2,1,0,0,1
032 MUKONO,Buganda,419,"244,893",78368,1,"53,631","131,999","3,864","135,863",8,5,2011,4,1,0,1,0
033 NEBBI,West Nile,278,"153,092",52421,1,"37,563","89,984","4,599","94,583",8,3,2011,4,0,0,1,0
034 NTUNGAMO,Ankole,375,"219,841",110779,1,"35,352","146,131","3,138","149,269",8,3,2011,3,0,0,0,1
035 PALLISA,Bukedi,234,"134,383",57117,1,"32,934","90,051","3,290","93,341",8,2,2011,4,0,0,1,0
036 RAKAI,Buganda,343,"210,173",84842,1,"35,814","120,656","7,370","128,026",8,2,2011,3,1,0,1,0
037 RUKUNGIRI,Kigezi,271,"145,743",59850,1,"40,987","100,837","3,203","104,040",8,3,2011,4,0,0,1,0
038 SOROTI,Teso,181,11633500,23711,0,"44,832",68543,"2,585","71,128",8,5,2011,7,0,1,0,0
039 TORORO,Bukedi,382,20511500,75820,1,"52,069",127889,"5,494","133,383",8,5,2011,4,0,0,1,0
040 ADJUMANI,Madi,115,"58,969",20918,1,"11,327","32,245","2,526","34,771",8,4,2011,4,0,0,1,0
041 BUGIRI,Busoga,266,"145,455",54011,1,"23,136","77,147","3,935","81,082",8,2,2011,3,1,0,1,0
042 BUSIA,Bukedi,218,"142,051",52936,1,"25,438","78,374","2,828","81,202",8,3,2011,3,0,0,1,0
043 KATAKWI,Teso,139,"59,688",28745,1,"11,368","40,113","1,849","41,962",8,2,2011,3,0,0,1,0
044 NAKASONGOLA,Buganda,156,"70,854",43737,1,"3,800","47,537","1,001","48,538",8,2,2011,1,1,0,0,1
045 SSEMBABULE,Buganda,200,"105,296",56053,1,"12,845",68898,"1,669","70,567",8,2,2011,2,1,0,0,1
046 KAMWENGE,Toro,322,"158,120",92018,1,"10,150","102,168","4,605","106,773",8,2,2011,1,1,0,0,1
047 KAYUNGA,Buganda,271,"153,245",59205,1,"19,509","78,714","3,592","82,306",8,2,2011,3,1,0,0,1
048 KYENJOJO,Toro,242,"149,104",87368,1,"8,913","96,281","3,372","99,653",8,2,2011,1,1,0,0,1
049 MAYUGE,Busoga,281,"178,258",66663,1,"19,967","86,630","3,466","90,096",8,3,2011,3,1,0,0,1
050 PADER,Acholi,138,"69,912",15188,0,"17,746","32,934","2,953","35,887",8,2,2011,6,0,1,0,0
051 SIRONKO,Bugisu,250,"108,888",34479,1,"30,939",65418,"1,976","67,394",8,2,2011,5,0,1,0,0
052 WAKISO,Buganda,1019,"749,470",170890,0,"175,993",346883,"9,306","356,189",8,2,2011,5,1,1,0,0
053 YUMBE,West Nile,177,10059200,31811,1,"22,156",53967,"2,562","56,529",8,9,2011,4,0,0,1,0
054 KABERAMAIDO,Teso,115,"75,516",21995,0,"28,494","50,489","1,904","52,393",8,2,2011,6,0,1,0,0
055 KANUNGU,Kigezi,187,"110,981",57122,1,"16,984","74,106","2,687","76,793",8,2,2011,3,0,0,0,1
056 NAKAPIRIPIRIT,Karamoja,84,"42,059",21102,1,"1,516","22,618","1,617","24,235",8,2,2011,1,0,0,0,1
057 AMOLATAR,Lango,103,"48,648",19350,1,"15,223","34,573","1,171","35,744",8,1,2011,5,0,1,0,0
058 AMURIA,Teso,160,"89,103",32954,1,"25,485","58,439","3,190","61,629",8,2,2011,5,0,1,0,0
059 BUKWO,Sebei,89,"33,065",19895,1,"2,087","21,982",889,"22,871",8,2,2011,1,0,0,0,1
060 BUTALEJA,Bukedi,151,"87,655",41178,1,"15,848","57,026","2,417","59,443",8,2,2011,3,0,0,1,0
061 IBANDA,Ankole,213,"107,582",65910,1,"7,692","73,602","2,704","76,306",8,2,2011,1,0,0,0,1
062 ISINGIRO,Ankole,358,"174,402",104422,1,"17,599","122,021","3,221","125,242",8,2,2011,2,0,0,0,1
063 KAABONG,Karamoja,143,"52,421",26804,1,"4,157","30,961","2,507","33,468",8,2,2011,2,0,0,0,1
064 KALIRO,Busoga,132,"74,636",45209,1,"4,880","50,089","1,273","51,362",8,2,2011,1,1,0,0,1
065 KIRUHURA,Ankole,289,"147,052",113865,1,"7,262","121,127","1,829","122,956",8,2,2011,1,0,0,0,1
066 KOBOKO,West Nile,135,"74,838",19443,1,"16,767","36,210","2,309","38,519",8,2,2011,5,0,1,0,0
067 MANAFWA,Bugisu,299,"147,494",72885,1,"21,848","94,733","3,126","97,859",8,2,2011,3,0,0,0,1
068 MITYANA,Buganda,265,"146,376",56935,1,"28,660","85,595","3,584","89,179",8,2,2011,4,1,0,1,0
069 NAKASEKE,Buganda,187,"81,471",42959,1,"7,940","50,899","1,351","52,250",8,2,2011,2,1,0,0,1
070 ABIM,Karamoja,52,"26,251",16098,1,"1,609","17,707",552,"18,259",8,2,2011,1,0,0,0,1
071 AMURU,Acholi,109,"66,569",10470,0,"18,017","28,487","1,273","29,760",8,2,2011,6,0,1,0,0
072 BUDAKA,Bukedi,136,"76,346",36962,1,"12,196","49,158","2,420","51,578",8,2,2011,3,0,0,0,1
073 BULIISA,Bunyoro,72,"44,028",20741,1,"4,824","25,565","1,577","27,142",8,2,2011,2,1,0,0,1
074 DOKOLO,Lango,129,"61,667",23608,1,"16,410","40,018","1,972","41,990",8,2,2011,4,0,0,1,0
075 NAMUTUMBA,Busoga,139,"88,779",45747,1,"9,507","55,254","1,909","57,163",8,2,2011,2,1,0,0,1
076 OYAM,Lango,238,"127,457",41985,1,"27,611","69,596","2,809","72,405",8,2,2011,4,0,0,1,0
077 MARACHA,West Nile,125,"78,327",25072,1,"12,772","37,844","2,613","40,457",8,2,2011,4,0,0,1,0
078 BUDUDA,Bugisu,141,"64,063",30530,1,"8,098","38,628","1,463","40,091",8,2,2011,2,0,0,0,1
079 BUKEDEA,Teso,115,"66,311",28189,1,"13,622","41,811","2,945","44,756",8,1,2011,4,0,0,1,0
080 LYANTONDE,Buganda,78,"44,553",21694,1,"3,887","25,581","1,179","26,760",8,2,2011,2,1,0,0,1
081 AMUDAT,Karamoja,34,"21,039",6658,1,"3,474","10,132",230,"10,362",8,2,2011,4,0,0,1,0
082 BUIKWE,Buganda,328,"183,097",64752,1,"30,549","95,301","4,577","99,878",8,2,2011,4,1,0,1,0
083 BUYENDE,Busoga,171,"90,728",53761,1,"6,254","60,015","1,937","61,952",8,2,2011,1,1,0,0,1
084 KYEGEGWA,Toro,117,"76,921",47596,1,"4,779","52,375","1,522","53,897",8,2,2011,1,1,0,0,1
085 LAMWO,Acholi,121,"58,711",14735,1,"14,614","29,349","2,109","31,458",8,2,2011,5,0,1,0,0
086 OTUKE,Lango,57,"32,544",14566,1,"6,105","20,671",962,"21,633",8,2,2011,3,0,0,1,0
087 ZOMBO,West Nile,164,"83,907",34407,1,"13,578",47985,"3,178","51,163",8,2,2011,3,0,0,1,0
088 ALEBTONG,Lango,147,"81,486",24171,0,"25,590","49,761","2,641","52,402",8,2,2011,5,0,1,0,0
089 BULAMBULI,Bugisu,142,"60,436",33788,1,"8,046","41,834","1,294","43,128",8,1,2011,2,0,0,0,1
090 BUVUMA,Buganda,77,"26,037",7367,1,"3,270","10,637",443,"11,080",8,2,2011,3,1,0,1,0
091 GOMBA,Buganda,140,"63,840",29551,1,"8,450","38,001","2,057","40,058",8,2,2011,3,1,0,0,1
092 KIRYANDONGO,Bunyoro,151,"89,363",30829,1,"8,267","39,096","2,095","41,191",8,2,2011,3,1,0,0,1
093 KYANKWANZI,Buganda,147,"85,540",42276,1,"6,149","48,425","1,929","50,354",8,2,2011,2,1,0,0,1
094 LUUKA,Busoga,156,"87,410",39015,1,"8,904","47,919","1,907","49,826",8,2,2011,2,1,0,0,1
095 NAMAYINGO,Busoga,144,"77,199",36575,1,"10,112","46,687","2,046","48,733",8,2,2011,2,1,0,0,1
096 NTOROKO,Rwenzori,55,"30,884",13184,1,"2,268","15,452",796,"16,248",8,2,2011,2,1,0,0,1
097 SERERE,Teso,158,"94,168",24069,0,"34,929","58,998","3,812","62,810",8,2,2011,6,0,1,0,0
098 BUKOMANSIMBI,Buganda,118,"63,016",22389,1,"15,292","37,681","2,271","39,952",8,2,2011,4,1,0,1,0
099 BUTAMBALA,Buganda,86,"44,527",16880,1,"10,179","27,059",885,"27,944",8,2,2011,4,1,0,1,0
100 KALUNGU,Buganda,139,"75,671",28699,1,"17,116","45,815","1,871","47,686",8,2,2011,4,1,0,1,0
101 SHEEMA,Ankole,170,9490800,50497,1,"14,528",65025,"1,533","66,558",8,2,2011,2,0,0,0,1
102 KIBUKU,Bukedi,127,"68,369",38095,1,"9,822","47,917",862,"48,779",8,2,2011,2,0,0,0,1
103 KOLE,Lango,124,"76,617",29265,1,"17,950","47,215","1,970","49,185",8,2,2011,4,0,0,1,0
104 KWEEN,Sebei,93,"35,567",19318,1,"3,537","22,855","1,541","24,396",8,2,2011,2,0,0,0,1
105 LWENGO,Buganda,205,"120,771",53493,1,"20,352","73,845","2,924","76,769",8,2,2011,3,1,0,1,0
106 MITOOMA,Ankole,153,"79,220",39879,1,"13,586","53,465","1,982","55,447",8,2,2011,3,0,0,0,1
107 NAPAK,Karamoja,107,"41,809",18983,1,"1,380","20,363","2,177","22,540",8,2,2011,2,0,0,0,1
108 NGORA,Teso,85,"51,937",16116,0,"17,322","33,438","1,967","35,405",8,2,2011,5,0,1,0,0
109 BUHWEJU,Ankole,88,"41,785",29530,1,"2,885","32,415","1,358","33,773",8,2,2011,1,0,0,0,1
110 NWOYA,Acholi,65,"39,996",4563,0,"12,535","17,098",855,"17,953",8,2,2011,7,0,1,0,0
111 AGAGO,Acholi,165,"80,838",26632,1,"18,078","44,710","3,553","48,263",8,4,2011,4,0,0,1,0
112 RUBIRIZI,Ankole,100,"56,690",29901,1,"5,738","35,639","1,418","37,057",8,1,2011,2,0,0,0,1
001 APAC,Lango,258,152061,56371,1,43822,100193,"5,023",105216,8,2,2016,5,0,1,0,0
002 ARUA,West Nile,594,336384,114868,1,84181,199049,"20,736",219785,8,6,2016,5,0,1,0,0
003 BUNDIBUGYO,Rwenzori,210,98976,61553,1,10361,71914,"4,054",75968,8,2,2016,2,1,0,0,1
004 BUSHENYI,Ankole,212,124934,61837,1,28136,89973,"2,797",92770,8,2,2016,3,0,0,1,0
005 GULU,Acholi,332,184791,31391,0,64503,95894,"5,694",101588,8,7,2016,7,0,1,0,0
006 HOIMA,Bunyoro,412,228917,111133,1,38096,149229,"8,194",157423,8,6,2016,3,1,0,0,1
007 IGANGA,Busoga,380,222276,82281,1,55185,137466,"7,444",144910,8,3,2016,4,1,0,1,0
008 JINJA,Busoga,391,233848,66063,1,65002,131065,"5,861",136926,8,8,2016,5,1,1,0,0
009 KABALE,Kigezi,477,271884,132047,1,69631,201678,"5,465",207143,8,5,2016,4,0,0,1,0
010 KABAROLE,Toro,424,233385,122134,1,38340,160474,"7,687",168161,8,7,2016,3,1,0,0,1
011 KALANGALA,Buganda,81,29729,10161,1,8807,18968,"1,040",20008,8,1,2016,5,1,1,0,0
012 KAMPALA,Buganda,1323,1014294,157098,0,350929,508027,"14,112",522139,8,10,2016,7,1,1,0,0
013 KAMULI,Busoga,365,200257,84349,1,38764,123113,"6,498",129611,8,3,2016,3,1,0,1,0
014 KAPCHORWA,Sebei,124,48430,24761,1,12197,36958,"1,747",38705,8,4,2016,4,0,0,1,0
015 KASESE,Rwenzori,602,335162,97367,0,138060,235427,"9,293",244720,8,6,2016,6,1,1,0,0
016 KIBAALE,Bunyoro,573,322342,176339,1,40300,216639,"12,933",229572,8,2,2016,2,1,0,0,1
017 KIBOGA,Buganda,134,67012,33039,1,11100,44139,"2,163",46302,8,2,2016,3,1,0,0,1
018 KISORO,Kigezi,236,133857,86533,1,11120,97653,"2,804",100457,8,3,2016,1,0,0,0,1
019 KITGUM,Acholi,183,86477,21806,0,30317,52123,"4,799",56922,8,2,2016,6,0,1,0,0
020 KOTIDO,Karamoja,96,50179,29673,1,2817,32490,"3,397",35887,8,2,2016,2,0,0,0,1
021 KUMI,Teso,169,102223,36653,1,32243,68896,"4,118",73014,8,2,2016,5,0,1,0,0
022 LIRA,Lango,300,182731,46777,0,71704,118481,"6,006",124487,8,5,2016,6,0,1,0,0
023 LUWEERO,Buganda,382,201664,71382,1,56575,127957,"5,807",133764,8,3,2016,5,1,1,0,0
024 MASAKA,Buganda,244,139736,41998,0,49833,91831,"2,916",94747,8,5,2016,6,1,1,0,0
025 MASINDI,Bunyoro,248,134494,55106,1,24049,79155,"6,409",85564,8,3,2016,4,1,0,1,0
026 MBALE,Bugisu,426,220339,65543,0,73102,138645,"6,545",145190,8,8,2016,5,0,1,0,0
027 MBARARA,Ankole,437,242788,113697,1,46908,160605,"3,760",164365,8,7,2016,3,0,0,1,0
028 MOROTO,Karamoja,71,32229,20240,1,2424,22664,"2,206",24870,8,1,2016,2,0,0,0,1
029 MOYO,Madi,109,54521,20973,1,14691,35664,"2,810",38474,8,2,2016,5,0,1,0,0
030 MPIGI,Buganda,214,110907,41618,1,34048,75666,"3,210",78876,8,3,2016,5,1,1,0,0
031 MUBENDE,Buganda,591,281901,143801,1,42002,185803,"9,455",195258,8,3,2016,3,1,0,0,1
032 MUKONO,Buganda,538,292011,86328,0,88839,175167,"9,752",184919,8,5,2016,5,1,1,0,0
033 NEBBI,West Nile,317,173502,72505,1,37578,110083,"9,573",119656,8,3,2016,4,0,0,1,0
034 NTUNGAMO,Ankole,425,238337,112076,1,52843,164919,"6,540",171459,8,3,2016,3,0,0,1,0
035 PALLISA,Bukedi,278,154537,58560,1,49931,108491,"4,458",112949,8,2,2016,5,0,1,0,0
036 RAKAI,Buganda,381,223901,90593,1,55539,146132,"6,715",152847,8,2,2016,4,1,0,1,0
037 RUKUNGIRI,Kigezi,274,162019,56425,0,60413,116838,"4,215",121053,8,3,2016,5,0,1,0,0
038 SOROTI,Teso,211,125841,32917,0,53689,86606,"4,022",90628,8,5,2016,6,0,1,0,0
039 TORORO,Bukedi,411,233437,64882,0,91189,156071,"9,557",165628,8,5,2016,6,0,1,0,0
040 ADJUMANI,Madi,125,64487,26346,1,13512,39858,"4,337",44195,8,4,2016,4,0,0,1,0
041 BUGIRI,Busoga,325,163023,60765,1,38436,99201,"6,910",106111,8,2,2016,4,1,0,1,0
042 BUSIA,Bukedi,234,141798,51658,1,41798,93456,"4,358",97814,8,3,2016,5,0,1,0,0
043 KATAKWI,Teso,141,70547,32722,1,18821,51543,"3,266",54809,8,2,2016,4,0,0,1,0
044 NAKASONGOLA,Buganda,180,74723,45757,1,8421,54178,"2,445",56623,8,2,2016,2,1,0,0,1
045 SSEMBABULE,Buganda,219,112086,51749,1,21895,73644,"2,018",75662,8,2,2016,3,1,0,1,0
046 KAMWENGE,Toro,352,173159,103756,1,16800,120556,"3,021",123577,8,2,2016,2,1,0,0,1
047 KAYUNGA,Buganda,305,162880,56274,1,44067,100341,"5,250",105591,8,2,2016,5,1,1,0,0
048 KYENJOJO,Toro,337,186538,112470,1,19011,131481,"4,491",135972,8,2,2016,2,1,0,0,1
049 MAYUGE,Busoga,377,196170,71846,1,44105,115951,"6,639",122590,8,3,2016,4,1,0,1,0
050 PADER,Acholi,159,70121,17336,0,27274,44610,"1,752",46362,8,2,2016,6,0,1,0,0
051 SIRONKO,Bugisu,278,115357,40596,0,42209,82805,"3,538",86343,8,2,2016,5,0,1,0,0
052 WAKISO,Buganda,1359,900035,172129,0,296122,468251,"16,338",484589,8,2,2016,6,1,1,0,0
053 YUMBE,West Nile,202,95905,44837,1,20732,65569,"3,924",69493,8,9,2016,4,0,0,1,0
054 KABERAMAIDO,Teso,138,89521,34837,1,28092,62929,"2,820",65749,8,2,2016,5,0,1,0,0
055 KANUNGU,Kigezi,222,129072,53673,1,38949,92622,"3,010",95632,8,2,2016,4,0,0,1,0
056 NAKAPIRIPIRIT,Karamoja,90,46154,31915,1,1694,33609,"1,868",35477,8,2,2016,1,0,0,0,1
057 AMOLATAR,Lango,128,61127,24789,1,19968,44757,"2,020",46777,8,1,2016,5,0,1,0,0
058 AMURIA,Teso,209,107957,44373,1,35050,79423,"4,366",83789,8,2,2016,5,0,1,0,0
059 BUKWO,Sebei,84,36052,22169,1,5065,27234,"1,109",28343,8,2,2016,2,0,0,0,1
060 BUTALEJA,Bukedi,178,98706,38812,1,29894,68706,"3,382",72088,8,2,2016,5,0,1,0,0
061 IBANDA,Ankole,228,123221,74616,1,16456,91072,"2,922",93994,8,2,2016,2,0,0,0,1
062 ISINGIRO,Ankole,377,201963,102258,1,35964,138222,"3,366",141588,8,2,2016,3,0,0,0,1
063 KAABONG,Karamoja,152,50596,34703,1,3872,38575,"5,576",44151,8,2,2016,2,0,0,0,1
064 KALIRO,Busoga,179,93753,54733,1,12130,66863,"3,120",69983,8,2,2016,2,1,0,0,1
065 KIRUHURA,Ankole,323,155081,121286,1,11489,132775,"1,946",134721,8,2,2016,1,0,0,0,1
066 KOBOKO,West Nile,165,78394,30647,1,15872,46519,"4,154",50673,8,2,2016,4,0,0,1,0
067 MANAFWA,Bugisu,337,152973,64819,1,39120,103939,"5,124",109063,8,2,2016,4,0,0,1,0
068 MITYANA,Buganda,295,144847,64035,1,38758,102793,"4,750",107543,8,2,2016,4,1,0,1,0
069 NAKASEKE,Buganda,196,87358,47432,1,14811,62243,"2,314",64557,8,2,2016,3,1,0,0,1
070 ABIM,Karamoja,60,30494,17109,1,4265,21374,"1,134",22508,8,2,2016,2,0,0,0,1
071 AMURU,Acholi,112,73221,10673,0,23190,33863,"2,663",36526,8,2,2016,7,0,1,0,0
072 BUDAKA,Bukedi,153,86834,36297,1,23633,59930,"2,859",62789,8,2,2016,4,0,0,1,0
073 BULIISA,Bunyoro,84,38618,18983,1,8631,27614,"1,923",29537,8,2,2016,4,1,0,1,0
074 DOKOLO,Lango,149,79478,26707,1,25689,52396,"4,251",56647,8,2,2016,5,0,1,0,0
075 NAMUTUMBA,Busoga,173,103296,47498,1,20221,67719,"3,308",71027,8,2,2016,3,1,0,1,0
076 OYAM,Lango,282,156398,48020,1,46787,94807,"5,255",100062,8,2,2016,5,0,1,0,0
077 MARACHA,West Nile,154,90711,30631,1,19988,50619,"5,996",56615,8,2,2016,5,0,1,0,0
078 BUDUDA,Bugisu,148,64728,27000,1,17386,44386,"2,265",46651,8,2,2016,4,0,0,1,0
079 BUKEDEA,Teso,135,83448,33504,1,23655,57159,"2,843",60002,8,1,2016,4,0,0,1,0
080 LYANTONDE,Buganda,89,43966,24815,1,6469,31284,"1,087",32371,8,2,2016,2,1,0,0,1
081 AMUDAT,Karamoja,53,36203,25262,1,688,25950,177,26127,8,2,2016,0,0,0,0,1
082 BUIKWE,Buganda,379,199928,67705,1,55144,122849,"6,280",129129,8,2,2016,5,1,1,0,0
083 BUYENDE,Busoga,205,117618,62890,1,12794,75684,"5,073",80757,8,2,2016,2,1,0,0,1
084 KYEGEGWA,Toro,193,110312,65914,1,10496,76410,"2,757",79167,8,2,2016,2,1,0,0,1
085 LAMWO,Acholi,125,56871,14180,0,18855,33035,"2,519",35554,8,2,2016,6,0,1,0,0
086 OTUKE,Lango,79,41615,18507,1,10282,28789,0,28789,8,2,2016,4,0,0,1,0
087 ZOMBO,West Nile,191,101136,46404,1,15432,61836,"3,917",65753,8,2,2016,3,0,0,0,1
088 ALEBTONG,Lango,170,97699,31592,0,33118,64710,"3,426",68136,8,2,2016,5,0,1,0,0
089 BULAMBULI,Bugisu,153,61920,29796,1,14103,43899,"1,667",45566,8,1,2016,3,0,0,1,0
090 BUVUMA,Buganda,92,37522,12948,1,9596,22544,"1,726",24270,8,2,2016,5,1,1,0,0
091 GOMBA,Buganda,152,67479,35440,1,12298,47738,"1,758",49496,8,2,2016,3,1,0,0,1
092 KIRYANDONGO,Bunyoro,211,107720,43742,1,14570,58312,"5,661",63973,8,2,2016,3,1,0,1,0
093 KYANKWANZI,Buganda,200,91086,47897,1,12606,60503,"2,847",63350,8,2,2016,2,1,0,0,1
094 LUUKA,Busoga,179,96706,42511,1,17411,59922,"3,702",63624,8,2,2016,3,1,0,1,0
095 NAMAYINGO,Busoga,190,92607,32292,1,22856,55148,"3,929",59077,8,2,2016,5,1,0,0,0
096 NTOROKO,Rwenzori,69,32006,16661,1,4741,21402,629,22031,8,2,2016,2,1,0,0,1
097 SERERE,Teso,190,113143,40628,1,38463,79091,"4,174",83265,8,2,2016,5,0,1,0,0
098 BUKOMANSIMBI,Buganda,123,63513,23695,1,20866,44561,"2,034",46595,8,2,2016,5,1,1,0,0
099 BUTAMBALA,Buganda,99,44171,17019,1,15215,32234,"1,128",33362,8,2,2016,5,1,1,0,0
100 KALUNGU,Buganda,155,76578,28727,1,24025,52752,"2,124",54876,8,2,2016,5,1,1,0,0
101 SHEEMA,Ankole,201,111545,56894,1,24296,81190,"1,958",83148,8,2,2016,3,0,0,1,0
102 KIBUKU,Bukedi,167,79919,39433,1,17990,57423,"2,291",59714,8,2,2016,3,0,0,1,0
103 KOLE,Lango,171,102200,37441,1,30641,68082,"2,788",70870,8,2,2016,5,0,1,0,0
104 KWEEN,Sebei,102,40043,20915,1,8448,29363,"1,733",31096,8,2,2016,3,0,0,1,0
105 LWENGO,Buganda,251,121563,51196,1,31281,82477,"3,130",85607,8,2,2016,4,1,0,1,0
106 MITOOMA,Ankole,189,98981,47641,1,23248,70889,"1,889",72778,8,2,2016,3,0,0,1,0
107 NAPAK,Karamoja,111,43605,29148,1,1960,31108,"3,257",34365,8,2,2016,2,0,0,0,1
108 NGORA,Teso,102,62952,19444,0,23570,43014,"2,635",45649,8,2,2016,6,0,1,0,0
109 BUHWEJU,Ankole,124,57847,38229,1,6701,44930,"2,467",47397,8,2,2016,2,0,0,0,1
110 NWOYA,Acholi,101,46836,9922,0,13907,23829,"1,359",25188,8,2,2016,6,0,1,0,0
111 AGAGO,Acholi,177,85759,35501,1,23757,59258,"3,016",62274,8,4,2016,4,0,0,1,0
112 RUBIRIZI,Ankole,113,63006,34845,1,11013,45858,"1,735",47593,8,1,2016,3,0,0,0,1
APAC,Lango,179,88834,31908,1,20344,52252,"3,161",55413,11,3,2021,4,0,0,1,0
ARUA,West Nile,111,65738,23824,1,9980,33804,"2,263",36067,11,5,2021,3,0,0,1,0
BUNDIBUGYO,Rwenzori,297,113472,52408,1,19365,71773,"2,145",73918,11,3,2021,3,1,0,0,1
BUSHENYI,Ankole,258,140415,66572,1,18169,84741,"2,674",87415,11,4,2021,2,0,0,0,1
GULU,Acholi,92,45342,9997,1,9842,19839,"2,055",21894,11,7,2021,5,0,1,0,0
HOIMA,Bunyoro,173,90617,38431,1,14301,52732,"2,971",55703,11,4,2021,3,1,0,1,0
IGANGA,Busoga,323,186519,35660,0,58292,93952,"3,368",97320,11,4,2021,6,1,1,0,0
JINJA,Busoga,227,120278,23005,0,39356,62361,"3,115",65476,11,7,2021,6,1,1,0,0
KABALE,Kigezi,256,136559,75032,1,13745,88777,"2,247",91024,11,4,2021,2,0,0,0,1
KABAROLE,Toro,207,107428,50058,1,12165,62223,"3,256",65479,11,4,2021,2,1,0,0,1
KALANGALA,Buganda,90,35465,5275,0,13466,18741,"1,000",19741,11,3,2021,7,1,1,0,0
KAMPALA,Buganda,1400,1280409,128658,0,409322,537980,"12,624",550604,11,10,2021,8,1,1,0,0
KAMULI,Busoga,456,236917,57470,0,70361,127831,"5,899",133730,11,3,2021,6,1,1,0,0
KAPCHORWA,Sebei,143,56051,30590,1,8876,39466,"1,021",40487,11,3,2021,2,0,0,0,1
KASESE,Rwenzori,684,384058,109275,0,118047,227322,"6,682",234004,11,4,2021,5,1,1,0,0
KIBAALE,Bunyoro,156,68857,35804,1,6423,42227,"1,494",43721,11,3,2021,2,1,0,0,1
KIBOGA,Buganda,171,81434,24254,0,24323,48577,"2,052",50629,11,3,2021,5,1,1,0,0
KISORO,Kigezi,320,158552,98694,1,10338,109032,"2,982",112014,11,3,2021,1,0,0,0,1
KITGUM,Acholi,198,99234,26880,1,24100,50980,"4,459",55439,11,3,2021,5,0,1,0,0
KOTIDO,Karamoja,154,61086,32310,1,6532,38842,"4,846",43688,11,3,2021,3,0,0,0,1
KUMI,Teso,215,119112,38234,1,29153,67387,"3,336",70723,11,3,2021,5,0,1,0,0
LIRA,Lango,175,103180,36908,1,23696,60604,"2,882",63486,11,3,2021,4,0,0,1,0
LUWERO,Buganda,471,257115,41166,0,106149,147315,"4,649",151964,11,3,2021,7,1,1,0,0
MASAKA,Buganda,95,55626,11317,0,23644,34961,"1,187",36148,11,3,2021,7,1,1,0,0
MASINDI,Bunyoro,269,154805,55604,1,26573,82177,"4,364",86541,11,3,2021,4,1,0,1,0
MBALE,Bugisu,240,108400,37106,1,31595,68701,"2,603",71304,11,3,2021,5,0,1,0,0
MBARARA,Ankole,159,84209,49807,1,6829,56636,"1,419",58055,11,3,2021,1,0,0,0,1
MOROTO,Karamoja,99,38004,21342,1,3091,24433,"2,225",26658,11,3,2021,2,0,0,0,1
MOYO,West Nile,81,45367,18227,1,6265,24492,"1,542",26034,11,3,2021,3,0,0,0,1
MPIGI,Buganda,245,135726,22333,0,62053,84386,"2,558",86944,11,3,2021,7,1,1,0,0
MUBENDE,Buganda,383,196565,71834,1,42792,114626,"5,661",120287,11,3,2021,4,1,0,1,0
MUKONO,Buganda,619,355275,48062,0,138912,186974,"4,355",191329,11,3,2021,7,1,1,0,0
NEBBI,West Nile,241,130508,47285,1,21278,68563,"4,079",72642,11,3,2021,3,0,0,1,0
NTUNGAMO,Ankole,481,268541,161655,1,25194,186849,"3,921",190770,11,3,2021,2,0,0,0,1
PALLISA,Bukedi,277,131370,53788,1,29108,82896,"3,938",86834,11,3,2021,4,0,0,1,0
RAKAI,Buganda,226,135169,47288,1,34478,81766,"3,195",84961,11,3,2021,4,1,0,1,0
RUKUNGIRI,Kigezi,404,185118,77410,1,30975,108385,"4,058",112443,11,3,2021,3,0,0,1,0
SOROTI,Teso,173,92720,34590,1,27729,62319,"2,991",65310,11,3,2021,5,0,1,0,0
TORORO,Bukedi,481,268434,86248,1,68255,154503,"5,792",160295,11,3,2021,5,0,1,0,0
ADJUMANI,Madi,142,79364,35125,1,11296,46421,"2,540",48961,11,3,2021,3,0,0,0,1
BUGIRI,Busoga,371,193053,45980,0,53610,99590,"5,285",104875,11,3,2021,6,1,1,0,0
BUSIA,bukedi,284,163571,44679,0,51411,96090,"4,793",100883,11,3,2021,6,0,1,0,0
KATAKWI,Teso,193,83162,40777,1,15469,56246,0,56246,11,3,2021,3,0,0,0,1
NAKASONGOLA,Buganda,193,89647,35823,1,19133,54956,"2,416",57372,11,3,2021,4,1,0,1,0
SSEMBABULE,Buganda,286,132240,45234,1,34523,79757,"2,297",82054,11,3,2021,4,1,0,1,0
KAMWENGE,Toro,250,117466,85241,1,5421,90662,"1,087",91749,11,3,2021,1,1,0,0,1
KAYUNGA,Buganda,338,190977,35881,0,66622,102503,"4,507",107010,11,3,2021,7,1,1,0,0
KYENJOJO,Toro,459,215012,110869,1,18386,129255,"4,744",133999,11,3,2021,2,1,0,0,1
MAYUGE,Busoga,437,231116,50932,0,66695,117627,"4,487",122114,11,3,2021,6,1,1,0,0
PADER,Acholi,215,82298,28233,1,16155,44388,"3,244",47632,11,3,2021,4,0,0,1,0
SIRONKO,Bugisu,391,132465,43275,1,38616,81891,7,81898,11,3,2021,5,0,1,0,0
WAKISO,Buganda,1434,1154857,122505,0,438995,561500,"12,518",574018,11,8,2021,8,1,1,0,0
YUMBE,West Nile,335,113855,50686,1,20464,71150,"4,075",75225,11,3,2021,3,0,0,1,0
KABERAMAIDO,Teso,95,52210,18589,1,14233,32822,"1,456",34278,11,3,2021,5,0,1,0,0
KANUNGU,Kigezi,309,146064,72126,1,13565,85691,"2,604",88295,11,3,2021,2,0,0,0,1
NAKAPIRIPIRIT,Karamoja,78,32661,22029,1,1316,23345,"1,145",24490,11,3,2021,1,0,0,0,1
AMOLATAR,Lango,183,71173,38619,1,12657,51276,"1,908",53184,11,3,2021,3,0,0,0,1
AMURIA,Teso,215,88722,34666,1,21870,56536,"2,216",58752,11,3,2021,4,0,0,1,0
BUKWO,Sebei,140,44126,27888,1,4032,31920,975,32895,11,3,2021,2,0,0,0,1
BUTALEJA,Bukedi,204,110737,37856,1,31290,69146,"2,098",71244,11,3,2021,5,0,1,0,0
IBANDA,Ankole,208,140486,77521,1,11238,88759,"2,042",90801,11,3,2021,1,0,0,0,1
ISINGIRO,Ankole,509,233099,188609,1,12111,200720,"2,410",203130,11,3,2021,1,0,0,0,1
KAABONG,Karamoja,136,41211,26100,1,3684,29784,"3,221",33005,11,3,2021,2,0,0,0,1
KALIRO,Busoga,259,109466,38189,1,29221,67410,"3,094",70504,11,3,2021,5,1,1,0,0
KIRUHURA,Ankole,189,81891,75483,1,949,76432,311,76743,11,3,2021,0,0,0,0,1
KOBOKO,West Nile,190,92845,34410,1,13496,47906,"2,933",50839,11,3,2021,3,0,0,1,0
MANAFWA,Bugisu,211,79924,32999,1,16129,49128,"1,849",50977,11,3,2021,4,0,0,1,0
MITYANA,Buganda,337,176029,38163,0,74454,112617,"3,516",116133,11,3,2021,7,1,1,0,0
NAKASEKE,Buganda,253,107133,38009,1,33020,71029,"2,896",73925,11,3,2021,5,1,1,0,0
ABIM,Karamoja,105,36539,18254,1,5334,23588,875,24463,11,3,2021,3,0,0,0,1
AMURU,Acholi,170,87122,18742,1,16276,35018,"3,103",38121,11,3,2021,5,0,1,0,0
BUDAKA,Bukedi,190,100900,33261,1,30069,63330,0,63330,11,3,2021,5,0,1,0,0
BULIISA,Bunyoro,96,44869,19316,1,7314,26630,"1,696",28326,11,3,2021,3,1,0,1,0
DOKOLO,Lango,173,93712,36774,1,21418,58192,"2,142",60334,11,3,2021,4,0,0,1,0
NAMUTUMBA,Busoga,243,121149,38427,1,30064,68491,"2,936",71427,11,3,2021,5,1,1,0,0
OYAM,Lango,334,184088,62292,1,35171,97463,"5,411",102874,11,3,2021,4,0,0,1,0
MARACHA,West Nile,202,101182,33674,1,14632,48306,"4,764",53070,11,3,2021,4,0,0,1,0
BUDUDA,Bugisu,208,73039,29224,1,15891,45115,"1,432",46547,11,3,2021,4,0,0,1,0
BUKEDEA,Teso,180,99828,37590,1,20986,58576,"3,148",61724,11,3,2021,4,0,0,1,0
LYANTONDE,Buganda,112,51076,23967,1,8304,32271,798,33069,11,3,2021,3,1,0,0,1
AMUDAT,Karamoja,120,43647,30451,1,756,31207,246,31453,11,3,2021,0,0,0,0,1
BUIKWE,Buganda,432,235640,40900,0,84879,125779,"5,430",131209,11,3,2021,7,1,1,0,0
BUYENDE,Busoga,281,138849,47916,1,32915,80831,"4,134",84965,11,3,2021,4,1,0,1,0
KYEGEGWA,Toro,255,138528,69129,1,12400,81529,"3,040",84569,11,3,2021,2,1,0,0,1
LAMWO,Acholi,169,65223,19322,1,14519,33841,"2,837",36678,11,3,2021,5,0,1,0,0
OTUKE,Acholi,130,48541,25464,1,6614,32078,"1,941",34019,11,3,2021,3,0,0,0,1
ZOMBO,West Nile,220,123432,45578,1,14328,59906,"4,685",64591,11,3,2021,3,0,0,0,1
ALEBTONG,Lango,248,115804,42832,1,22788,65620,"3,207",68827,11,3,2021,4,0,0,1,0
BULAMBULI,Bugisu,245,71664,38972,1,12049,51021,"1,539",52560,11,3,2021,3,0,0,0,1
BUVUMA,Bukedi,108,42415,6814,0,14243,21057,848,21905,11,3,2021,7,0,1,0,0
GOMBA,Buganda,208,81314,24568,0,29512,54080,"1,564",55644,11,3,2021,6,1,1,0,0
KIRYANDONGO,Bunyoro,244,125685,38083,1,16948,55031,"4,662",59693,11,3,2021,4,1,0,1,0
KYANKWANZI,Buganda,255,108311,39859,1,25497,65356,"2,509",67865,11,3,2021,4,1,0,1,0
LUUKA,Busoga,227,116094,27520,0,33413,60933,"2,450",63383,11,3,2021,6,1,1,0,0
NAMAYINGO,Bukedi,216,107234,27341,0,30541,57882,"3,110",60992,11,3,2021,6,0,1,0,0
NTOROKO,Toro,85,38098,19670,1,4856,24526,756,25282,11,3,2021,2,1,0,0,1
SERERE,Teso,240,130290,38555,1,36721,75276,"3,876",79152,11,3,2021,5,0,1,0,0
BUKOMANSIMBI,Buganda,151,76557,13649,0,32735,46384,"1,207",47591,11,3,2021,7,1,1,0,0
BUTAMBALA,Buganda,123,55813,9379,0,27208,36587,"1,135",37722,11,3,2021,8,1,1,0,0
KALUNGU,Buganda,188,88687,16377,0,39013,55390,"1,387",56777,11,3,2021,7,1,1,0,0
SHEEMA,Ankole,251,129151,65220,1,15108,80328,"2,201",82529,11,3,2021,2,0,0,0,1
KIBUKU,Bukedi,194,91971,34078,1,25168,59246,"1,414",60660,11,3,2021,4,0,0,1,0
KOLE,Lango,225,119437,46900,1,20078,66978,"3,197",70175,11,3,2021,3,0,0,1,0
KWEEN,Sebei,152,47080,27467,1,5217,32684,"1,038",33722,11,2,2021,2,0,0,0,1
LWENGO,Buganda,270,139772,36411,0,49007,85418,"2,687",88105,11,3,2021,6,1,1,0,0
MITOOMA,Ankole,259,111839,54935,1,11152,66087,"1,711",67798,11,3,2021,2,0,0,0,1
NAPAK,Karamoja,145,56678,32490,1,2053,34543,"2,829",37372,11,3,2021,1,0,0,0,1
NGORA,Teso,121,72976,24662,1,18512,43174,"1,769",44943,11,3,2021,5,0,0,1,0
BUHWEJU,Ankole,182,66649,41423,1,6196,47619,"1,273",48892,11,3,2021,2,0,0,0,1
NWOYA,Acholi,132,57186,13910,1,11230,25140,"1,552",26692,11,3,2021,5,0,1,0,0
AGAGO,Acholi,211,98354,47696,1,16265,63961,"2,572",66533,11,3,2021,3,0,0,0,1
RUBIRIZI,Ankole,136,73848,39686,1,8371,48057,"1,306",49363,11,3,2021,2,0,0,0,1
KAGADI,Toro,404,175680,88830,1,19784,108614,"5,037",113651,11,3,2021,2,1,0,0,1
KAKUMIRO,Toro,317,140691,73132,1,12968,86100,"3,347",89447,11,3,2021,2,1,0,0,1
OMORO,Acholi,158,72216,20902,1,13543,34445,"2,557",37002,11,3,2021,4,0,0,1,0
RUBANDA,Kigezi,223,111615,67263,1,9904,77167,"1,889",79056,11,3,2021,1,0,0,0,1
BUNYANGABU,Toro,184,92440,44435,1,11822,56257,"1,636",57893,11,3,2021,2,1,0,0,1
BUTEBO,Bukedi,119,51443,23532,1,12291,35823,912,36735,11,3,2021,4,0,0,1,0
KYOTERA,Toro,219,124872,25598,0,50178,75776,"2,279",78055,11,3,2021,7,1,1,0,0
NAMISINDWA,Bugisu,254,97191,40563,1,14761,55324,"3,351",58675,11,3,2021,3,0,0,1,0
PAKWACH,West Nile,142,78801,32354,1,15815,48169,0,48169,11,3,2021,3,0,0,1,0
RUKIGA,Kigezi,115,60965,31251,1,6961,38212,"1,583",39795,11,3,2021,2,0,0,0,1
BUGWERI,Bukedi,154,84953,17428,0,27618,45046,"2,018",47064,11,3,2021,6,0,1,0,0
KAPELEBYONG,Teso,126,39629,17529,1,8247,25776,"1,652",27428,11,2,2021,4,0,0,1,0
KASSANDA,Buganda,300,134798,37265,0,46109,83374,"3,490",86864,11,3,2021,6,1,1,0,0
KIKUUBE,Bunyoro,204,112825,49490,1,14350,63840,"3,246",67086,11,3,2021,3,1,0,0,1
KWANIA,Lango,160,87587,36364,1,16818,53182,"2,820",56002,11,3,2021,4,0,0,1,0
NABILATUK,Karamoja,58,21367,16038,1,357,16395,536,16931,11,3,2021,1,0,0,0,1
KALAKI,Karamoja,103,53973,24556,1,9859,34415,"1,563",35978,11,3,2021,3,0,0,1,0
KARENGA,Karamoja,53,18035,12819,1,1338,14157,673,14830,11,3,2021,1,0,0,0,1
KAZO,Ankole,206,92843,73043,1,1460,74503,"1,078",75581,11,3,2021,0,0,0,0,1
KITAGWENDA,Buganda,168,76037,40417,1,6253,46670,"1,191",47861,11,3,2021,2,1,0,0,1
MADI OKOLLO,West Nile,121,63404,25779,1,11305,37084,"2,414",39498,11,3,2021,3,0,0,1,0
OBONGI,West Nile,44,19321,7676,1,4323,11999,884,12883,11,3,2021,4,0,0,1,0
RWAMPARA,Ankole,157,70346,35981,1,5472,41453,747,42200,11,3,2021,1,0,0,0,1
ARUA CITY,West Nile,289,170066,39566,1,33757,73323,"4,645",77968,11,6,2021,5,0,1,0,0
GULU CITY,Acholi,188,103401,14603,0,18361,32964,"1,952",34916,11,5,2021,6,0,1,0,0
JINJA CITY,Busoga,259,154750,21202,0,47093,68295,"2,750",71045,11,7,2021,7,1,1,0,0
FORT PORTAL CITY,Toro,122,65163,25753,1,10599,36352,"1,424",37776,11,5,2021,3,1,0,1,0
MBARARA CITY,Ankole,195,114511,36466,1,16952,53418,"1,656",55074,11,7,2021,3,0,0,1,0
MASAKA CITY,Buganda,188,122339,14992,0,54256,69248,"1,543",70791,11,6,2021,8,1,1,0,0
MBALE CITY,Bugisu,276,147774,29717,0,45652,75369,"3,128",78497,11,4,2021,6,0,1,0,0
TEREGO,West Nile,170,95118,24718,1,23642,48360,"4,497",52857,11,3,2021,5,0,1,0,0
LIRA CITY,Lango,183,111772,30271,1,21943,52214,"2,140",54354,11,5,2021,4,0,0,1,0
HOIMA CITY,Bunyoro,112,62018,19751,1,14858,34609,"1,450",36059,11,5,2021,5,1,0,1,0
SOROTI CITY,Teso,99,56019,12031,0,18344,30375,"1,252",31627,11,6,2021,6,0,1,0,0
,,,,,,,,,,,,,,,,,
,,,,,,,,,,,,,,,,,
,,,,,,,,,,,,,,,,,
,,,,,,,,,,,,,,,,,
,,,,,,,,,,,,,,,,,
,,,,,,,,,,,,,,,,,
,,,,,,,,,,,,,,,,,
,,,,,,,,,,,,,,,,,
,,,,,,,,,,,,,,,,,
,,,,,,,,,,,,,,,,,
,,,,,,,,,,,,,,,,,
,,,,,,,,,,,,,,,,,
,,,,,,,,,,,,,,,,,
,,,,,,,,,,,,,,,,,
,,,,,,,,,,,,,,,,,
,,,,,,,,,,,,,,,,,
,,,,,,,,,,,,,,,,,
,,,,,,,,,,,,,,,,,
,,,,,,,,,,,,,,,,,
,,,,,,,,,,,,,,,,,
,,,,,,,,,,,,,,,,,
,,,,,,,,,,,,,,,,,
,,,,,,,,,,,,,,,,,
,,,,,,,,,,,,,,,,,
,,,,,,,,,,,,,,,,,
,,,,,,,,,,,,,,,,,
,,,,,,,,,,,,,,,,,
,,,,,,,,,,,,,,,,,
,,,,,,,,,,,,,,,,,
,,,,,,,,,,,,,,,,,
,,,,,,,,,,,,,,,,,
,,,,,,,,,,,,,,,,,
,,,,,,,,,,,,,,,,,
,,,,,,,,,,,,,,,,,
,,,,,,,,,,,,,,,,,
,,,,,,,,,,,,,,,,,
,,,,,,,,,,,,,,,,,
,,,,,,,,,,,,,,,,,
,,,,,,,,,,,,,,,,,
,,,,,,,,,,,,,,,,,
,,,,,,,,,,,,,,,,,
,,,,,,,,,,,,,,,,,
,,,,,,,,,,,,,,,,,
,,,,,,,,,,,,,,,,,
,,,,,,,,,,,,,,,,,
,,,,,,,,,,,,,,,,,
,,,,,,,,,,,,,,,,,
,,,,,,,,,,,,,,,,,
,,,,,,,,,,,,,,,,,
,,,,,,,,,,,,,,,,,
,,,,,,,,,,,,,,,,,
,,,,,,,,,,,,,,,,,
,,,,,,,,,,,,,,,,,
,,,,,,,,,,,,,,,,,
,,,,,,,,,,,,,,,,,
,,,,,,,,,,,,,,,,,
,,,,,,,,,,,,,,,,,
,,,,,,,,,,,,,,,,,
,,,,,,,,,,,,,,,,,
,,,,,,,,,,,,,,,,,
,,,,,,,,,,,,,,,,,
,,,,,,,,,,,,,,,,,
,,,,,,,,,,,,,,,,,
,,,,,,,,,,,,,,,,,
,,,,,,,,,,,,,,,,,
,,,,,,,,,,,,,,,,,
,,,,,,,,,,,,,,,,,
,,,,,,,,,,,,,,,,,
,,,,,,,,,,,,,,,,,
,,,,,,,,,,,,,,,,,
,,,,,,,,,,,,,,,,,
,,,,,,,,,,,,,,,,,
,,,,,,,,,,,,,,,,,
,,,,,,,,,,,,,,,,,
,,,,,,,,,,,,,,,,,
,,,,,,,,,,,,,,,,,
,,,,,,,,,,,,,,,,,
,,,,,,,,,,,,,,,,,
,,,,,,,,,,,,,,,,,
,,,,,,,,,,,,,,,,,
,,,,,,,,,,,,,,,,,
,,,,,,,,,,,,,,,,,
,,,,,,,,,,,,,,,,,
,,,,,,,,,,,,,,,,,
,,,,,,,,,,,,,,,,,
,,,,,,,,,,,,,,,,,
,,,,,,,,,,,,,,,,,
,,,,,,,,,,,,,,,,,
,,,,,,,,,,,,,,,,,
,,,,,,,,,,,,,,,,,
,,,,,,,,,,,,,,,,,
,,,,,,,,,,,,,,,,,
,,,,,,,,,,,,,,,,,
,,,,,,,,,,,,,,,,,
,,,,,,,,,,,,,,,,,
,,,,,,,,,,,,,,,,,
,,,,,,,,,,,,,,,,,
,,,,,,,,,,,,,,,,,
,,,,,,,,,,,,,,,,,
,,,,,,,,,,,,,,,,,
,,,,,,,,,,,,,,,,,
,,,,,,,,,,,,,,,,,
,,,,,,,,,,,,,,,,,
,,,,,,,,,,,,,,,,,
,,,,,,,,,,,,,,,,,
,,,,,,,,,,,,,,,,,
,,,,,,,,,,,,,,,,,
,,,,,,,,,,,,,,,,,
,,,,,,,,,,,,,,,,,
,,,,,,,,,,,,,,,,,
,,,,,,,,,,,,,,,,,
,,,,,,,,,,,,,,,,,
,,,,,,,,,,,,,,,,,
,,,,,,,,,,,,,,,,,
,,,,,,,,,,,,,,,,,
,,,,,,,,,,,,,,,,,
,,,,,,,,,,,,,,,,,
,,,,,,,,,,,,,,,,,
,,,,,,,,,,,,,,,,,
,,,,,,,,,,,,,,,,,
,,,,,,,,,,,,,,,,,
,,,,,,,,,,,,,,,,,
,,,,,,,,,,,,,,,,,
,,,,,,,,,,,,,,,,,
,,,,,,,,,,,,,,,,,
,,,,,,,,,,,,,,,,,
,,,,,,,,,,,,,,,,,
,,,,,,,,,,,,,,,,,
,,,,,,,,,,,,,,,,,
,,,,,,,,,,,,,,,,,
,,,,,,,,,,,,,,,,,
,,,,,,,,,,,,,,,,,
,,,,,,,,,,,,,,,,,
,,,,,,,,,,,,,,,,,
,,,,,,,,,,,,,,,,,
,,,,,,,,,,,,,,,,,
,,,,,,,,,,,,,,,,,
,,,,,,,,,,,,,,,,,
,,,,,,,,,,,,,,,,,
,,,,,,,,,,,,,,,,,
,,,,,,,,,,,,,,,,,
,,,,,,,,,,,,,,,,,
,,,,,,,,,,,,,,,,,
,,,,,,,,,,,,,,,,,
,,,,,,,,,,,,,,,,,
,,,,,,,,,,,,,,,,,
,,,,,,,,,,,,,,,,,
,,,,,,,,,,,,,,,,,
,,,,,,,,,,,,,,,,,
,,,,,,,,,,,,,,,,,
,,,,,,,,,,,,,,,,,
,,,,,,,,,,,,,,,,,
,,,,,,,,,,,,,,,,,
,,,,,,,,,,,,,,,,,
,,,,,,,,,,,,,,,,,
,,,,,,,,,,,,,,,,,
,,,,,,,,,,,,,,,,,
,,,,,,,,,,,,,,,,,
,,,,,,,,,,,,,,,,,
,,,,,,,,,,,,,,,,,
,,,,,,,,,,,,,,,,,
,,,,,,,,,,,,,,,,,
,,,,,,,,,,,,,,,,,
,,,,,,,,,,,,,,,,,
,,,,,,,,,,,,,,,,,
,,,,,,,,,,,,,,,,,
,,,,,,,,,,,,,,,,,
,,,,,,,,,,,,,,,,,
,,,,,,,,,,,,,,,,,
,,,,,,,,,,,,,,,,,
,,,,,,,,,,,,,,,,,
,,,,,,,,,,,,,,,,,
,,,,,,,,,,,,,,,,,
,,,,,,,,,,,,,,,,,
,,,,,,,,,,,,,,,,,
,,,,,,,,,,,,,,,,,
,,,,,,,,,,,,,,,,,
,,,,,,,,,,,,,,,,,
,,,,,,,,,,,,,,,,,
,,,,,,,,,,,,,,,,,
,,,,,,,,,,,,,,,,,
,,,,,,,,,,,,,,,,,
,,,,,,,,,,,,,,,,,
,,,,,,,,,,,,,,,,,
,,,,,,,,,,,,,,,,,
,,,,,,,,,,,,,,,,,
,,,,,,,,,,,,,,,,,
,,,,,,,,,,,,,,,,,
,,,,,,,,,,,,,,,,,
,,,,,,,,,,,,,,,,,
,,,,,,,,,,,,,,,,,
,,,,,,,,,,,,,,,,,
,,,,,,,,,,,,,,,,,
,,,,,,,,,,,,,,,,,
,,,,,,,,,,,,,,,,,
,,,,,,,,,,,,,,,,,
,,,,,,,,,,,,,,,,,
,,,,,,,,,,,,,,,,,
,,,,,,,,,,,,,,,,,
,,,,,,,,,,,,,,,,,
,,,,,,,,,,,,,,,,,
,,,,,,,,,,,,,,,,,
,,,,,,,,,,,,,,,,,
,,,,,,,,,,,,,,,,,
,,,,,,,,,,,,,,,,,
,,,,,,,,,,,,,,,,,
,,,,,,,,,,,,,,,,,
,,,,,,,,,,,,,,,,,
,,,,,,,,,,,,,,,,,
,,,,,,,,,,,,,,,,,
,,,,,,,,,,,,,,,,,
,,,,,,,,,,,,,,,,,
,,,,,,,,,,,,,,,,,
,,,,,,,,,,,,,,,,,
,,,,,,,,,,,,,,,,,
,,,,,,,,,,,,,,,,,
,,,,,,,,,,,,,,,,,
,,,,,,,,,,,,,,,,,
,,,,,,,,,,,,,,,,,
,,,,,,,,,,,,,,,,,
,,,,,,,,,,,,,,,,,
,,,,,,,,,,,,,,,,,
,,,,,,,,,,,,,,,,,
,,,,,,,,,,,,,,,,,
,,,,,,,,,,,,,,,,,
,,,,,,,,,,,,,,,,,
,,,,,,,,,,,,,,,,,
,,,,,,,,,,,,,,,,,
,,,,,,,,,,,,,,,,,
,,,,,,,,,,,,,,,,,
,,,,,,,,,,,,,,,,,
,,,,,,,,,,,,,,,,,
,,,,,,,,,,,,,,,,,
,,,,,,,,,,,,,,,,,
,,,,,,,,,,,,,,,,,
,,,,,,,,,,,,,,,,,
,,,,,,,,,,,,,,,,,
,,,,,,,,,,,,,,,,,
,,,,,,,,,,,,,,,,,
,,,,,,,,,,,,,,,,,
,,,,,,,,,,,,,,,,,
,,,,,,,,,,,,,,,,,
,,,,,,,,,,,,,,,,,
,,,,,,,,,,,,,,,,,
,,,,,,,,,,,,,,,,,
,,,,,,,,,,,,,,,,,
,,,,,,,,,,,,,,,,,
,,,,,,,,,,,,,,,,,
,,,,,,,,,,,,,,,,,
,,,,,,,,,,,,,,,,,
,,,,,,,,,,,,,,,,,
,,,,,,,,,,,,,,,,,
,,,,,,,,,,,,,,,,,
,,,,,,,,,,,,,,,,,
,,,,,,,,,,,,,,,,,
,,,,,,,,,,,,,,,,,
,,,,,,,,,,,,,,,,,
,,,,,,,,,,,,,,,,,
,,,,,,,,,,,,,,,,,
,,,,,,,,,,,,,,,,,
,,,,,,,,,,,,,,,,,
,,,,,,,,,,,,,,,,,
,,,,,,,,,,,,,,,,,
,,,,,,,,,,,,,,,,,
,,,,,,,,,,,,,,,,,
,,,,,,,,,,,,,,,,,
,,,,,,,,,,,,,,,,,
,,,,,,,,,,,,,,,,,
,,,,,,,,,,,,,,,,,
,,,,,,,,,,,,,,,,,
,,,,,,,,,,,,,,,,,
,,,,,,,,,,,,,,,,,
,,,,,,,,,,,,,,,,,
,,,,,,,,,,,,,,,,,
,,,,,,,,,,,,,,,,,
,,,,,,,,,,,,,,,,,
,,,,,,,,,,,,,,,,,
,,,,,,,,,,,,,,,,,
,,,,,,,,,,,,,,,,,
,,,,,,,,,,,,,,,,,
,,,,,,,,,,,,,,,,,
,,,,,,,,,,,,,,,,,
,,,,,,,,,,,,,,,,,
,,,,,,,,,,,,,,,,,
,,,,,,,,,,,,,,,,,
,,,,,,,,,,,,,,,,,
,,,,,,,,,,,,,,,,,
,,,,,,,,,,,,,,,,,
,,,,,,,,,,,,,,,,,
,,,,,,,,,,,,,,,,,
,,,,,,,,,,,,,,,,,
,,,,,,,,,,,,,,,,,
,,,,,,,,,,,,,,,,,
,,,,,,,,,,,,,,,,,
,,,,,,,,,,,,,,,,,
,,,,,,,,,,,,,,,,,
,,,,,,,,,,,,,,,,,
,,,,,,,,,,,,,,,,,
,,,,,,,,,,,,,,,,,
,,,,,,,,,,,,,,,,,
,,,,,,,,,,,,,,,,,
,,,,,,,,,,,,,,,,,
,,,,,,,,,,,,,,,,,
,,,,,,,,,,,,,,,,,
,,,,,,,,,,,,,,,,,
,,,,,,,,,,,,,,,,,
,,,,,,,,,,,,,,,,,
,,,,,,,,,,,,,,,,,
,,,,,,,,,,,,,,,,,
,,,,,,,,,,,,,,,,,
,,,,,,,,,,,,,,,,,
,,,,,,,,,,,,,,,,,
,,,,,,,,,,,,,,,,,
,,,,,,,,,,,,,,,,,
,,,,,,,,,,,,,,,,,
,,,,,,,,,,,,,,,,,
,,,,,,,,,,,,,,,,,
,,,,,,,,,,,,,,,,,
,,,,,,,,,,,,,,,,,
,,,,,,,,,,,,,,,,,
,,,,,,,,,,,,,,,,,
,,,,,,,,,,,,,,,,,
,,,,,,,,,,,,,,,,,
,,,,,,,,,,,,,,,,,
,,,,,,,,,,,,,,,,,
,,,,,,,,,,,,,,,,,
,,,,,,,,,,,,,,,,,
,,,,,,,,,,,,,,,,,
,,,,,,,,,,,,,,,,,
,,,,,,,,,,,,,,,,,
,,,,,,,,,,,,,,,,,
,,,,,,,,,,,,,,,,,
,,,,,,,,,,,,,,,,,
,,,,,,,,,,,,,,,,,
,,,,,,,,,,,,,,,,,
,,,,,,,,,,,,,,,,,
,,,,,,,,,,,,,,,,,
,,,,,,,,,,,,,,,,,
,,,,,,,,,,,,,,,,,
,,,,,,,,,,,,,,,,,
,,,,,,,,,,,,,,,,,
,,,,,,,,,,,,,,,,,
,,,,,,,,,,,,,,,,,
,,,,,,,,,,,,,,,,,
,,,,,,,,,,,,,,,,,
,,,,,,,,,,,,,,,,,
,,,,,,,,,,,,,,,,,
,,,,,,,,,,,,,,,,,
,,,,,,,,,,,,,,,,,
,,,,,,,,,,,,,,,,,
,,,,,,,,,,,,,,,,,
,,,,,,,,,,,,,,,,,
,,,,,,,,,,,,,,,,,
,,,,,,,,,,,,,,,,,
,,,,,,,,,,,,,,,,,
,,,,,,,,,,,,,,,,,
,,,,,,,,,,,,,,,,,
,,,,,,,,,,,,,,,,,
,,,,,,,,,,,,,,,,,
,,,,,,,,,,,,,,,,,
,,,,,,,,,,,,,,,,,
,,,,,,,,,,,,,,,,,
,,,,,,,,,,,,,,,,,
,,,,,,,,,,,,,,,,,
,,,,,,,,,,,,,,,,,
,,,,,,,,,,,,,,,,,
,,,,,,,,,,,,,,,,,
,,,,,,,,,,,,,,,,,
,,,,,,,,,,,,,,,,,
,,,,,,,,,,,,,,,,,
,,,,,,,,,,,,,,,,,
,,,,,,,,,,,,,,,,,
,,,,,,,,,,,,,,,,,
,,,,,,,,,,,,,,,,,
,,,,,,,,,,,,,,,,,
,,,,,,,,,,,,,,,,,
,,,,,,,,,,,,,,,,,
,,,,,,,,,,,,,,,,,
,,,,,,,,,,,,,,,,,
,,,,,,,,,,,,,,,,,
,,,,,,,,,,,,,,,,,
,,,,,,,,,,,,,,,,,
,,,,,,,,,,,,,,,,,
,,,,,,,,,,,,,,,,,
,,,,,,,,,,,,,,,,,
,,,,,,,,,,,,,,,,,
,,,,,,,,,,,,,,,,,
,,,,,,,,,,,,,,,,,
,,,,,,,,,,,,,,,,,
,,,,,,,,,,,,,,,,,
,,,,,,,,,,,,,,,,,
,,,,,,,,,,,,,,,,,
,,,,,,,,,,,,,,,,,
,,,,,,,,,,,,,,,,,
,,,,,,,,,,,,,,,,,
,,,,,,,,,,,,,,,,,
,,,,,,,,,,,,,,,,,
,,,,,,,,,,,,,,,,,
,,,,,,,,,,,,,,,,,
,,,,,,,,,,,,,,,,,
,,,,,,,,,,,,,,,,,
,,,,,,,,,,,,,,,,,
,,,,,,,,,,,,,,,,,
,,,,,,,,,,,,,,,,,
,,,,,,,,,,,,,,,,,
,,,,,,,,,,,,,,,,,
,,,,,,,,,,,,,,,,,
,,,,,,,,,,,,,,,,,
,,,,,,,,,,,,,,,,,
,,,,,,,,,,,,,,,,,
,,,,,,,,,,,,,,,,,
,,,,,,,,,,,,,,,,,
,,,,,,,,,,,,,,,,,
,,,,,,,,,,,,,,,,,
,,,,,,,,,,,,,,,,,
,,,,,,,,,,,,,,,,,
,,,,,,,,,,,,,,,,,
,,,,,,,,,,,,,,,,,
,,,,,,,,,,,,,,,,,
,,,,,,,,,,,,,,,,,
,,,,,,,,,,,,,,,,,
,,,,,,,,,,,,,,,,,
,,,,,,,,,,,,,,,,,
,,,,,,,,,,,,,,,,,
,,,,,,,,,,,,,,,,,
,,,,,,,,,,,,,,,,,
,,,,,,,,,,,,,,,,,
,,,,,,,,,,,,,,,,,
,,,,,,,,,,,,,,,,,
,,,,,,,,,,,,,,,,,
,,,,,,,,,,,,,,,,,
,,,,,,,,,,,,,,,,,
,,,,,,,,,,,,,,,,,
,,,,,,,,,,,,,,,,,
,,,,,,,,,,,,,,,,,
,,,,,,,,,,,,,,,,,
,,,,,,,,,,,,,,,,,
,,,,,,,,,,,,,,,,,
,,,,,,,,,,,,,,,,,
,,,,,,,,,,,,,,,,,
,,,,,,,,,,,,,,,,,
,,,,,,,,,,,,,,,,,
,,,,,,,,,,,,,,,,,
,,,,,,,,,,,,,,,,,
,,,,,,,,,,,,,,,,,
,,,,,,,,,,,,,,,,,
,,,,,,,,,,,,,,,,,
,,,,,,,,,,,,,,,,,
,,,,,,,,,,,,,,,,,
,,,,,,,,,,,,,,,,,
,,,,,,,,,,,,,,,,,
,,,,,,,,,,,,,,,,,
,,,,,,,,,,,,,,,,,
,,,,,,,,,,,,,,,,,
,,,,,,,,,,,,,,,,,
,,,,,,,,,,,,,,,,,
,,,,,,,,,,,,,,,,,
,,,,,,,,,,,,,,,,,
,,,,,,,,,,,,,,,,,
,,,,,,,,,,,,,,,,,
,,,,,,,,,,,,,,,,,
,,,,,,,,,,,,,,,,,
,,,,,,,,,,,,,,,,,
,,,,,,,,,,,,,,,,,
,,,,,,,,,,,,,,,,,
,,,,,,,,,,,,,,,,,
,,,,,,,,,,,,,,,,,
,,,,,,,,,,,,,,,,,
,,,,,,,,,,,,,,,,,
,,,,,,,,,,,,,,,,,
,,,,,,,,,,,,,,,,,
,,,,,,,,,,,,,,,,,
,,,,,,,,,,,,,,,,,
,,,,,,,,,,,,,,,,,
,,,,,,,,,,,,,,,,,
,,,,,,,,,,,,,,,,,
,,,,,,,,,,,,,,,,,
,,,,,,,,,,,,,,,,,
,,,,,,,,,,,,,,,,,
,,,,,,,,,,,,,,,,,
,,,,,,,,,,,,,,,,,
,,,,,,,,,,,,,,,,,
,,,,,,,,,,,,,,,,,
,,,,,,,,,,,,,,,,,
,,,,,,,,,,,,,,,,,
,,,,,,,,,,,,,,,,,
,,,,,,,,,,,,,,,,,
,,,,,,,,,,,,,,,,,
,,,,,,,,,,,,,,,,,
,,,,,,,,,,,,,,,,,
,,,,,,,,,,,,,,,,,
,,,,,,,,,,,,,,,,,
,,,,,,,,,,,,,,,,,
,,,,,,,,,,,,,,,,,
,,,,,,,,,,,,,,,,,
,,,,,,,,,,,,,,,,,
,,,,,,,,,,,,,,,,,
,,,,,,,,,,,,,,,,,
,,,,,,,,,,,,,,,,,
,,,,,,,,,,,,,,,,,
,,,,,,,,,,,,,,,,,
,,,,,,,,,,,,,,,,,
,,,,,,,,,,,,,,,,,
,,,,,,,,,,,,,,,,,
,,,,,,,,,,,,,,,,,
,,,,,,,,,,,,,,,,,
,,,,,,,,,,,,,,,,,
,,,,,,,,,,,,,,,,,
,,,,,,,,,,,,,,,,,
,,,,,,,,,,,,,,,,,
,,,,,,,,,,,,,,,,,
,,,,,,,,,,,,,,,,,
,,,,,,,,,,,,,,,,,
,,,,,,,,,,,,,,,,,
,,,,,,,,,,,,,,,,,
,,,,,,,,,,,,,,,,,
,,,,,,,,,,,,,,,,,
,,,,,,,,,,,,,,,,,
,,,,,,,,,,,,,,,,,
,,,,,,,,,,,,,,,,,
,,,,,,,,,,,,,,,,,
,,,,,,,,,,,,,,,,,
,,,,,,,,,,,,,,,,,
,,,,,,,,,,,,,,,,,
,,,,,,,,,,,,,,,,,
,,,,,,,,,,,,,,,,,
,,,,,,,,,,,,,,,,,
,,,,,,,,,,,,,,,,,
,,,,,,,,,,,,,,,,,
,,,,,,,,,,,,,,,,,
,,,,,,,,,,,,,,,,,
,,,,,,,,,,,,,,,,,
,,,,,,,,,,,,,,,,,
,,,,,,,,,,,,,,,,,
,,,,,,,,,,,,,,,,,
,,,,,,,,,,,,,,,,,
,,,,,,,,,,,,,,,,,
,,,,,,,,,,,,,,,,,
,,,,,,,,,,,,,,,,,
,,,,,,,,,,,,,,,,,
,,,,,,,,,,,,,,,,,
,,,,,,,,,,,,,,,,,
,,,,,,,,,,,,,,,,,
,,,,,,,,,,,,,,,,,
,,,,,,,,,,,,,,,,,
,,,,,,,,,,,,,,,,,
,,,,,,,,,,,,,,,,,
,,,,,,,,,,,,,,,,,
,,,,,,,,,,,,,,,,,
,,,,,,,,,,,,,,,,,
,,,,,,,,,,,,,,,,,
,,,,,,,,,,,,,,,,,
,,,,,,,,,,,,,,,,,
,,,,,,,,,,,,,,,,,
,,,,,,,,,,,,,,,,,
,,,,,,,,,,,,,,,,,
,,,,,,,,,,,,,,,,,
,,,,,,,,,,,,,,,,,
,,,,,,,,,,,,,,,,,
,,,,,,,,,,,,,,,,,
,,,,,,,,,,,,,,,,,
,,,,,,,,,,,,,,,,,
,,,,,,,,,,,,,,,,,
,,,,,,,,,,,,,,,,,
,,,,,,,,,,,,,,,,,
,,,,,,,,,,,,,,,,,
,,,,,,,,,,,,,,,,,
,,,,,,,,,,,,,,,,,
,,,,,,,,,,,,,,,,,
,,,,,,,,,,,,,,,,,
,,,,,,,,,,,,,,,,,
,,,,,,,,,,,,,,,,,
,,,,,,,,,,,,,,,,,
,,,,,,,,,,,,,,,,,
,,,,,,,,,,,,,,,,,
,,,,,,,,,,,,,,,,,
,,,,,,,,,,,,,,,,,
,,,,,,,,,,,,,,,,,
,,,,,,,,,,,,,,,,,
,,,,,,,,,,,,,,,,,
,,,,,,,,,,,,,,,,,
,,,,,,,,,,,,,,,,,
,,,,,,,,,,,,,,,,,
,,,,,,,,,,,,,,,,,
,,,,,,,,,,,,,,,,,
,,,,,,,,,,,,,,,,,
,,,,,,,,,,,,,,,,,
,,,,,,,,,,,,,,,,,
,,,,,,,,,,,,,,,,,
,,,,,,,,,,,,,,,,,
,,,,,,,,,,,,,,,,,
,,,,,,,,,,,,,,,,,
,,,,,,,,,,,,,,,,,
,,,,,,,,,,,,,,,,,
,,,,,,,,,,,,,,,,,
,,,,,,,,,,,,,,,,,
,,,,,,,,,,,,,,,,,
,,,,,,,,,,,,,,,,,